{"cameraMode":{"drawMode":0,"name":"Shaded","section":"Shading Mode"},"sceneLighting":true,"audioPlay":false,"sceneViewState":{"m_AlwaysRefresh":false,"showFog":true,"showSkybox":true,"showFlares":true,"showImageEffects":true,"showParticleSystems":true,"showVisualEffectGraphs":true,"m_FxEnabled":true},"in2DMode":false,"pivot":{"x":-16.007747650146486,"y":-9.270315170288086,"z":0.39322182536125185},"rotation":{"x":-0.16989313066005708,"y":0.6881296634674072,"z":-0.1708126813173294,"w":-0.6844252347946167},"size":14.656661987304688,"orthographic":false}